Existence of educational resources - exists,Type and size of educational resources - vocational institute,Existence of educational resources - does not exist,Nb of universities by type LebaneseUniversity branches,Public school coverage index number of schools per citizen,Type and size of educational resources - public schools,Type and size of educational resources - universities,Town,Nb of universities by type - Private universities,Type and size of educational resources - private schools
0,0,1,0,0,0,0, Bireh,0,0
0,0,0,0,0,0,0,A'ain El-Mir (El Establ),0,0
1,0,0,0,2250,1,0,AAridet Cheikh Zennad,0,0
0,0,1,0,0,0,0,Aaba,0,0
1,0,0,0,4000,2,0,Aabadiyeh,0,0
0,0,1,0,0,0,0,Aabaydat,0,0
0,0,0,0,0,0,0,Aabba,0,0
1,3,0,0,21500,2,1,Aabbesiyyi,1,14
1,0,0,0,0,0,0,Aabdine,0,1
1,0,0,0,15000,1,0,Aabra Saida,0,3
0,0,1,0,0,0,0,Aabrine,0,0
1,0,0,0,0,0,0,Aachach,0,2
0,0,0,0,0,0,0,Aachqout,0,0
0,0,1,0,0,0,0,Aadaysseh Marjaayoun,0,0
0,0,0,0,0,0,0,Aadchit Ech-Chqif,0,0
0,0,1,0,0,0,0,Aadchit El-Qoussair,0,0
0,0,0,0,0,0,0,Aadloun,0,0
1,0,0,0,1790,1,0,Aadoussiyeh,0,0
0,0,1,0,0,0,0,Aafsdiq,0,0
1,0,0,0,2500,2,0,Aain Aanoub,0,0
1,0,0,0,700,1,0,Aain Aarab Rachaya,0,0
1,0,0,0,2170,1,0,Aain Aata,0,0
0,0,0,0,0,0,0,Aain Dara,0,0
1,1,0,1,4260,1,1,Aain Drafil,0,1
1,0,0,0,2000,1,0,Aain Ed-Delb,0,2
0,0,1,0,0,0,0,Aain Ed-Delbe,0,0
0,0,1,0,0,0,0,Aain Ej-Jdideh Aaley,0,0
0,0,1,0,0,0,0,Aain El Saydeh,0,0
0,0,1,0,0,0,0,Aain El-Ghouaybeh,0,0
0,0,0,0,0,0,0,Aain El-Kharroubeh,0,0
0,0,1,0,0,0,0,Aain El-Qabu,0,0
0,0,0,0,0,0,0,Aain Er-Rihane,0,0
0,0,1,0,0,0,0,Aain Er-Roummaneh Aaley,0,0
1,1,0,0,2000,2,0,Aain Es-Sindiane,0,1
0,0,1,0,0,0,0,Aain Et-Teffaha,0,0
0,0,1,0,0,0,0,Aain Et-Tineh-Miniyeh,0,0
1,0,0,0,3500,1,0,Aain Ez-Zeit,0,1
0,0,1,0,0,0,0,Aain Ez-Zeitouneh,0,0
0,0,1,0,0,0,0,Aain Fraidis,0,0
0,0,1,0,0,0,0,Aain Harsha,0,0
0,0,1,0,0,0,0,Aain Ibl,0,0
0,0,1,0,0,0,0,Aain Jarfa,0,0
0,0,1,0,0,0,0,Aain Jrain,0,0
0,0,1,0,0,0,0,Aain Kfaa,0,0
1,0,0,0,5000,1,0,Aain Kfar Zabad,0,0
0,0,1,0,0,0,0,Aain Ksour,0,0
0,0,1,0,0,0,0,Aain Mouaffaq,0,0
1,0,0,1,2140,1,1,Aain Ouzain,0,0
0,0,0,0,0,0,0,Aain Qana,0,0
0,0,1,0,0,0,0,Aain Qania,0,0
1,0,0,0,3000,1,0,Aain Qinia,0,0
0,0,0,0,0,0,0,Aain Saadeh,0,0
1,1,0,0,566,3,0,Aain Tinta,0,6
0,0,1,0,0,0,0,Aain Traz,0,0
1,1,0,0,3150,1,0,Aain Yaaqoub,0,0
1,2,0,0,1500,2,0,Aain Zebdeh,0,2
0,0,1,0,0,0,0,Aain Zhalta,0,0
0,0,1,0,0,0,0,Aain challal,0,0
0,0,0,0,0,0,0,Aainbal,0,0
1,0,0,0,1000,1,0,Aaita Ej-Jabal,0,0
1,0,0,0,6800,1,0,Aaiyat,0,0
0,0,0,0,0,0,0,Aajaltoun,0,0
1,1,0,0,4400,5,0,Aakkar El-Aatiqa,0,7
0,0,1,0,0,0,0,Aaley,0,0
1,0,0,0,3000,1,0,Aaley Bsatine,0,1
0,0,1,0,0,0,0,Aali En-Nahri,0,0
0,0,1,0,0,0,0,Aalma,0,0
1,0,0,0,375,2,0,Aalma Ech-Chaab,0,1
0,0,1,0,0,0,0,Aalman,0,0
0,0,1,0,0,0,0,Aalmane Ech-Chouf,0,0
1,0,0,0,3000,1,0,Aamaret El-Baykat,0,0
1,1,0,0,1500,5,0,Aamayer,0,0
0,0,1,0,0,0,0,Aamchit,0,0
1,0,0,0,4300,1,0,Aammatour,0,0
0,0,1,0,0,0,0,Aammiq Ech-Chouf,0,0
0,0,1,0,0,0,0,Aana,0,0
1,0,0,0,0,0,0,Aandqet,0,1
1,0,0,0,0,0,0,Aanjar (Haouch Moussa),0,3
0,0,1,0,0,0,0,Aanout,0,0
0,0,1,0,0,0,0,Aanqoun,0,0
1,0,0,0,0,0,0,Aaouaainat Aakkar,0,0
1,1,0,0,2800,1,0,Aaqabet Rachaya,0,0
1,0,0,0,0,0,0,Aaqaibeh Kesrouane,0,2
0,0,1,0,0,0,0,Aaqtanit,0,0
0,0,0,0,0,0,0,Aarab Ej-Jall,0,0
0,0,1,0,0,0,0,Aarab Salim,0,0
0,0,1,0,0,0,0,Aarab Tabbaya,0,0
1,0,0,0,0,0,0,Aaraiya,0,1
0,0,1,0,0,0,0,Aaramoun Kesrouane,0,0
0,0,1,0,0,0,0,Aaramta,0,0
0,0,1,0,0,0,0,Aaray,0,0
0,0,0,0,0,0,0,Aarbaniyeh,0,0
0,0,1,0,0,0,0,Aarbet Qozhaiya,0,0
0,0,1,0,0,0,0,Aarjis,0,0
0,0,1,0,0,0,0,Aarqa,0,0
1,1,0,0,5692,7,0,Aarsal,0,9
1,0,0,0,4000,1,0,Aassoun,0,3
1,0,0,0,0,0,0,Aatchaneh,0,1
1,0,0,0,0,0,0,Aathrine,0,1
0,0,1,0,0,0,0,Aaychiyeh,0,0
1,0,0,0,5700,1,0,Aayha,0,0
1,0,0,0,2700,1,0,Aaymar,0,0
0,0,0,0,0,0,0,Aaynab,0,0
0,0,1,0,0,0,0,Aaynata Baalbek,0,0
0,0,0,0,0,0,0,Aaynata Bent Jbeil,0,0
1,0,0,0,2650,1,0,Aayoun Aakkar,0,0
0,0,0,0,0,0,0,Aayoun El-Ghizlane,0,0
0,0,1,0,0,0,0,Aayoun El-Matn,0,0
0,0,1,0,0,0,0,Aayroun,0,0
1,1,0,0,6150,2,0,Aayta Ech-Chaab,0,3
1,0,0,0,0,0,0,Aayta El-Foukhar,0,1
1,3,0,0,75,8,1,Aaytanit,1,4
1,0,0,0,7000,1,0,Aaytat,0,0
0,0,1,0,0,0,0,Aaytit,0,0
0,0,1,0,0,0,0,Aazour,0,0
0,0,1,0,0,0,0,Aazqai,0,0
0,0,1,0,0,0,0,Aazra ouel Aazr,0,0
0,0,0,0,0,0,0,Aazzi,0,0
1,0,0,0,3750,1,0,Ablah,0,1
0,0,0,0,0,0,0,Abou Mizan,0,0
1,2,0,0,13,15,0,Abou Qamha,0,40
0,0,0,0,0,0,0,Adma Oua Dafine,0,0
0,0,0,0,0,0,0,Adonis,0,0
0,0,1,0,0,0,0,Afqa Jbeil,0,0
0,0,1,0,0,0,0,Ain Aakrine,0,0
0,0,0,0,0,0,0,Aintoura El-Matn,0,0
1,0,0,0,0,0,1,Aintoura Kesrouane,1,1
0,0,1,0,0,0,0,Aintourine,0,0
0,0,0,0,0,0,0,Aitaroun,0,0
1,1,0,0,12000,1,0,Alaq,0,1
0,0,1,0,0,0,0,Almat,0,0
1,0,0,0,3000,1,0,Amara,0,2
1,1,0,0,5750,2,0,Amioun,0,2
1,0,0,0,325,2,0,Anane,0,4
0,0,1,0,0,0,0,Ansar,0,0
1,0,0,0,1300,2,0,Ansar Baalbeck,0,0
1,0,0,0,0,2,1,Antelias-Naccache,1,3
0,0,1,0,0,0,0,Arnoun,0,0
1,0,0,0,100,15,0,Arsoun,0,15
1,0,0,0,4500,1,0,Arzai,0,2
0,0,1,0,0,0,0,Arzoun,0,0
0,0,1,0,0,0,0,Asnoun,0,0
1,0,0,0,0,0,0,Assia,0,1
0,0,1,0,0,0,0,Ayto,0,0
0,0,0,0,0,0,0,Baabda-Louaizi,0,0
1,0,0,0,0,1,0,Baabdat,0,1
0,0,1,0,0,0,0,Baadarane,0,0
1,5,0,0,12500,8,1,Baalbek,1,25
0,0,0,0,0,0,0,Baalchmay,0,0
1,0,0,0,800,1,0,Baaloul West Bekaa,0,0
1,0,0,0,3500,1,0,Baaouerta,0,0
1,3,0,0,8100,2,1,Baaqline,1,6
0,0,1,0,0,0,0,Baassir,0,0
1,0,0,0,0,0,0,Bab Mareaa,0,0
1,1,0,0,0,2,0,Babliyeh,0,1
0,0,0,0,0,0,0,Badbhoun,0,0
1,1,0,0,0,0,0,Baghdadi,0,4
0,0,1,0,0,0,0,Bahbouch,0,0
1,1,0,0,8000,2,0,Baisour,0,1
0,0,1,0,0,0,0,Baisour Jezzine,0,0
0,0,1,0,0,0,0,Bakhaaoun,0,0
0,0,1,0,0,0,0,Bakka,0,0
0,0,1,0,0,0,0,Bakkifac Rachaya,0,0
0,0,1,0,0,0,0,Balloune,0,0
0,0,1,0,0,0,0,Bane,0,0
0,0,1,0,0,0,0,Bany haiyane,0,0
0,0,0,0,0,0,0,Baouchriyeh el Sad,0,0
0,0,0,0,0,0,0,Baraachit,0,0
0,0,1,0,0,0,0,Barghoun,0,0
1,1,0,0,6750,4,0,Barja,0,9
0,0,0,0,0,0,0,Barqa,0,0
1,1,0,0,10000,3,0,Barr Elias,0,13
1,0,0,0,5600,1,1,Barsa,1,1
0,0,1,0,0,0,0,Basateen Aakar,0,0
0,0,0,0,0,0,0,Baskinta,0,0
0,0,0,0,0,0,0,Bater,0,0
0,0,1,0,0,0,0,Batha,0,0
0,0,1,0,0,0,0,Batloun,0,0
0,0,1,0,0,0,0,Batoulay,0,0
1,0,0,0,0,0,0,Batroumine,0,1
1,1,0,0,11666,3,1,Batroun,1,3
0,0,1,0,0,0,0,Bayzoun,0,0
0,0,1,0,0,0,0,Bazaaoun,0,0
0,0,0,0,0,0,0,Bazouriyeh,0,0
0,0,0,0,0,0,0,Bchamoun,0,0
0,0,1,0,0,0,0,Bchannine,0,0
1,1,0,0,9652,2,0,Bcharreh,0,1
0,0,1,0,0,0,0,Bcheaali,0,0
1,0,0,0,2800,1,0,Bchtfine,0,0
1,0,0,0,3200,1,0,Bdadoun,0,1
0,0,1,0,0,0,0,Bdebba,0,0
1,2,0,0,10000,6,0,Bebnine,0,10
1,0,0,0,0,0,0,Bechmizzine,0,1
1,0,0,0,1750,1,0,Bechouat,0,0
0,0,1,0,0,0,0,Bechtoudar,0,0
0,0,0,0,0,0,0,Beddaoui,0,0
1,0,0,0,2000,1,0,Bedghan Oua Ouadi Bedghan,0,0
0,0,0,0,0,0,0,Bedias,0,0
0,0,1,0,0,0,0,Bednayel El-Koura,0,0
0,0,1,0,0,0,0,Behdaydat,0,0
0,0,1,0,0,0,0,Behnine,0,0
0,0,1,0,0,0,0,Behouaita,0,0
0,0,1,0,0,0,0,Beino,0,0
1,0,0,0,3000,1,0,Beit Ayoub,0,0
1,1,0,0,3500,1,0,Beit Chama,0,0
1,0,0,0,300,1,0,Beit Chlala,0,1
0,0,1,0,0,0,0,Beit Ed-Dine,0,0
1,0,0,0,1000,1,0,Beit El Haj,0,0
1,0,0,0,2500,2,0,Beit El-Faqs,0,0
0,0,1,0,0,0,0,Beit El-Haouch,0,0
1,0,0,0,27000,1,0,Beit El-Kekko,0,4
1,0,0,0,1765,1,0,Beit Haouik,0,0
1,0,0,0,0,0,0,Beit Hbaq,0,1
0,0,1,0,0,0,0,Beit Kassab,0,0
1,0,0,0,0,0,0,Beit Lahia,0,1
0,0,1,0,0,0,0,Beit Lif,0,0
1,0,0,0,0,0,0,Beit Mellat,0,1
1,1,0,0,9500,2,0,Beit Meri,0,1
0,0,1,0,0,0,0,Beit Monzer,0,0
1,0,0,0,2150,2,0,Beit Obeid,0,1
0,0,0,0,0,0,0,Beit Yahoun,0,0
1,0,0,0,3450,1,0,Beit Younes,0,1
0,0,0,0,0,0,0,Bejjeh,0,0
0,0,1,0,0,0,0,Bekhaaz,0,0
0,0,1,0,0,0,0,Benouati Jezzine,0,0
1,4,0,1,2800,5,2,Bent Jbeil,1,3
0,0,0,0,0,0,0,Beqaata Aachqout,0,0
0,0,1,0,0,0,0,Beqaata Kanaan,0,0
0,0,1,0,0,0,0,Berbara Aakkar,0,0
0,0,1,0,0,0,0,Berbara Jbeil,0,0
0,0,0,0,0,0,0,Berhalioun,0,0
0,0,1,0,0,0,0,Berti,0,0
0,0,1,0,0,0,0,Beslouqit,0,0
0,0,1,0,0,0,0,Besri Jezzine,0,0
0,0,1,0,0,0,0,Bestiyat,0,0
1,0,0,0,566,3,0,Bezbina,0,3
0,0,0,0,0,0,0,Bhamdoun Ed-Dayaa,0,0
1,0,0,0,0,0,1,Bhamdoun El-Mhatta,1,1
1,0,0,0,0,0,1,Bhersaf,1,0
0,0,1,0,0,0,0,Bichtlida,0,0
0,0,1,0,0,0,0,Bijdarfil,0,0
0,0,0,0,0,0,0,Bikfaya,0,0
1,0,0,0,2000,1,0,Binnay,0,0
0,0,1,0,0,0,0,Bintaael,0,0
1,2,0,0,2825,4,0,Biret Aakkar,0,3
1,0,0,0,6000,2,0,Biret Rachaya,0,0
0,0,1,0,0,0,0,Bisrin,0,0
0,0,1,0,0,0,0,Bissariyeh,0,0
0,0,0,0,0,0,0,Biyad,0,0
0,0,1,0,0,0,0,Bizhel,0,0
1,1,0,0,95,10,0,Bkassine,0,3
1,0,0,0,0,0,0,Bkeftine,0,1
0,0,1,0,0,0,0,Bkhichtay,0,0
1,2,0,0,133,3,0,Blaouza,0,2
1,0,0,0,2795,1,0,Blat Marjaayoun,0,0
0,0,1,0,0,0,0,Blaybel,0,0
1,0,0,0,2500,1,0,Blida,0,0
0,0,1,0,0,0,0,Bmahray,0,0
0,0,1,0,0,0,0,Bmakine,0,0
0,0,1,0,0,0,0,Bmaryam,0,0
1,0,0,0,5200,1,0,Bnaafoul,0,0
0,0,1,0,0,0,0,Bnabil,0,0
1,3,0,0,90,5,1,Bnehran,1,5
0,0,1,0,0,0,0,Bnoueiti,0,0
0,0,0,0,0,0,0,Bohayra,0,0
0,0,1,0,0,0,0,Bohwara,0,0
1,0,0,0,2500,1,0,Borj Aakkar,0,0
0,0,1,0,0,0,0,Borj El-Moulouk,0,0
0,0,1,0,0,0,0,Borj El-Yahoudiyeh,0,0
1,0,0,0,4350,1,0,Borj En-Naqoura,0,0
1,0,0,0,6300,1,0,Borj Rahhal,0,0
0,0,0,0,0,0,0,Borj qalaouiyeh,0,0
0,0,1,0,0,0,0,Botmeh,0,0
0,0,1,0,0,0,0,Bouaida,0,0
0,0,1,0,0,0,0,Bouar,0,0
1,0,0,0,3000,1,0,Bouarej,0,0
0,0,0,0,0,0,0,Boulhos,0,0
1,4,0,0,3500,2,0,Bourj El Arab,0,4
1,1,0,0,27500,8,1,Bourj El-Brajneh,1,54
0,0,0,0,0,0,0,Bourj Hammoud,0,0
0,0,1,0,0,0,0,Bourjein,0,0
0,0,1,0,0,0,0,Boussit,0,0
1,0,0,0,1400,1,0,Boustane,0,0
1,1,0,0,1200,1,0,Boustane Heresh,0,1
0,0,1,0,0,0,0,Boutchay,0,0
0,0,0,0,0,0,0,Bqaa Kafra,0,0
0,0,1,0,0,0,0,Bqaa Sefrine,0,0
0,0,1,0,0,0,0,Bqaatouta,0,0
0,0,0,0,0,0,0,Bqarsouna,0,0
1,0,0,0,0,0,0,Bqerqacha,0,0
1,0,0,0,750,2,0,Bqerzla,0,1
1,0,0,0,0,0,0,Bqosta,0,2
1,0,0,0,3200,1,0,Braiqeaa,0,0
1,0,0,0,0,0,1,Bramiyeh,1,2
0,0,1,0,0,0,0,Breissat,0,0
1,0,0,0,4000,1,0,Brih,0,0
1,1,0,0,12500,2,0,Brital,0,8
0,0,0,0,0,0,0,Broummana El-Matn,0,0
0,0,1,0,0,0,0,Bsaba Baabda,0,0
0,0,1,0,0,0,0,Bsaba Ech-Chouf,0,0
0,0,1,0,0,0,0,Bsalim,0,0
0,0,1,0,0,0,0,Bsalya,0,0
0,0,1,0,0,0,0,Bsarma,0,0
0,0,0,0,0,0,0,Bsous,0,0
0,0,1,0,0,0,0,Btaaboura,0,0
0,0,1,0,0,0,0,Btalloun,0,0
0,0,0,0,0,0,0,Btater,0,0
1,0,0,0,0,0,0,Btedaai,0,1
1,0,0,0,0,0,0,Btedine El-Leqch,0,0
1,0,0,0,2500,2,0,Bteghrine,0,1
1,0,0,0,800,1,0,Btekhnay,0,0
1,0,0,0,7500,1,0,Btermaz,0,0
1,0,0,0,875,2,0,Bterram,0,1
1,0,0,0,700,1,0,Btouratij,0,2
1,0,0,0,12200,1,0,Byaqout,0,1
1,1,0,0,3300,1,0,Bzal,0,1
1,1,0,0,1300,1,0,Bziza,0,0
0,0,1,0,0,0,0,Bzoummar,0,0
1,0,0,0,2500,2,0,Chaaitiyeh-Malkiyah,0,0
0,0,0,0,0,0,0,Chaat,0,0
1,1,0,0,0,0,0,Chadra,0,0
0,0,0,0,0,0,0,Chahtoul,0,0
0,0,0,0,0,0,0,Chamaa,0,0
1,0,0,0,550,1,0,Chamate,0,1
0,0,1,0,0,0,0,Chanay,0,0
1,0,0,0,2700,1,0,Chane,0,0
0,0,0,0,0,0,0,Chaouiyeh,0,0
1,0,0,0,344,1,0,Chaqdouf,0,0
0,0,1,0,0,0,0,Charbila,0,0
1,0,0,0,2000,1,0,Charbine El-Hermel,0,0
1,0,0,0,12300,1,0,Charoun,0,1
1,0,0,0,0,1,0,Charqiyeh,0,1
0,0,1,0,0,0,0,Chartoun,0,0
1,0,0,0,21000,2,0,Chebaa,0,0
1,0,0,0,5666,3,0,Chehabiyeh,0,0
0,0,1,0,0,0,0,Chehabiyeh Faour,0,0
0,0,0,0,0,0,0,Chehour,0,0
1,0,0,0,6000,1,0,Cheikh Ayash,0,0
1,1,0,0,2250,1,0,Cheikh Mohammad,0,3
1,1,0,0,1750,2,0,Cheikh Taba,0,1
1,0,0,0,3000,1,0,Cheikh Zennad,0,0
1,0,0,0,2500,2,0,Cheikhlar,0,2
1,1,0,0,9000,5,0,Chhim,0,3
0,0,1,0,0,0,0,Chibtine,0,0
0,0,1,0,0,0,0,Chihine,0,0
0,0,1,0,0,0,0,Chikhane,0,0
0,0,0,0,0,0,0,Chikka,0,0
1,0,0,0,0,0,0,Chimlane,0,1
1,1,0,0,11500,5,0,Chiyah,0,6
0,0,1,0,0,0,0,Chlifa,0,0
0,0,0,0,0,0,0,Chmistar,0,0
0,0,1,0,0,0,0,Chnanaair,0,0
0,0,1,0,0,0,0,Choualiq Jezzine,0,0
1,0,0,0,3895,1,0,Chouaya Hasbaiya,0,0
0,0,0,0,0,0,0,Chouaya Maten,0,0
1,1,0,0,61818,11,1,Choueifat El-Aamrousiyeh,1,20
0,0,1,0,0,0,0,Chouit,0,0
1,0,0,0,2596,1,0,Choukine,0,0
1,0,0,0,0,0,0,Chourit,0,2
0,0,1,0,0,0,0,Chtaura,0,0
1,0,0,0,0,0,0,Daghleh,0,0
1,2,0,1,550,10,3,Dahr El-Ahmar,2,6
0,0,0,0,0,0,0,Dahr El-Maghara,0,0
1,0,0,0,250,4,0,Dahr El-Qanbar,0,0
0,0,1,0,0,0,0,Dahr Es-Souane El-Matn,0,0
0,0,1,0,0,0,0,Dahr Laissine,0,0
1,0,0,0,2562,1,0,Dalhoun,0,0
0,0,1,0,0,0,0,Damalsa,0,0
1,1,0,0,5400,1,1,Damour,1,2
1,0,0,0,6000,1,0,Daoura,0,0
0,0,0,0,0,0,0,Daqqoun,0,0
1,0,0,0,0,0,0,Dar Baaechtar,0,1
0,0,1,0,0,0,0,Dar Chmizzine,0,0
0,0,0,0,0,0,0,Daraaoun,0,0
1,1,0,0,5200,1,0,Daraiya Ech-Chouf,0,4
0,0,1,0,0,0,0,Daraiya Kesrouane,0,0
1,0,0,0,7500,1,0,Darb Es-Sim,0,2
0,0,1,0,0,0,0,Darine,0,0
0,0,0,0,0,0,0,Dayshouniyi,0,0
1,0,0,0,1500,2,0,Debaal Menie,0,0
0,0,0,0,0,0,0,Debaal Sour,0,0
0,0,1,0,0,0,0,Debl,0,0
1,1,0,0,16165,1,1,Deddeh,1,1
1,0,0,0,3200,1,0,Deir Aames,0,0
1,1,0,0,4250,4,0,Deir Aammar,0,2
0,0,1,0,0,0,0,Deir Baba,0,0
0,0,1,0,0,0,0,Deir Billa,0,0
0,0,1,0,0,0,0,Deir Chamra,0,0
1,1,0,0,13500,1,0,Deir Dalloum,0,2
0,0,1,0,0,0,0,Deir Dourit,0,0
1,0,0,0,1275,1,0,Deir El-Aachayer,0,0
1,1,0,0,6000,2,0,Deir El-Ahmar,0,1
0,0,1,0,0,0,0,Deir El-Ghazal,0,0
1,0,0,0,0,0,0,Deir El-harf,0,1
0,0,0,0,0,0,0,Deir Ez-Zahrani,0,0
0,0,1,0,0,0,0,Deir Jannine,0,0
1,0,0,0,2250,2,0,Deir Kifa,0,0
1,0,0,0,860,1,0,Deir Koucheh,0,1
0,0,1,0,0,0,0,Deir Mimas,0,0
0,0,1,0,0,0,0,Deir Nbouh,0,0
1,0,0,0,7200,1,0,Deir Ntar,0,0
0,0,1,0,0,0,0,Deir Qanoun El-Aain,0,0
1,0,0,0,9000,1,0,Deir Qanoun En-Nahr,0,0
0,0,0,0,0,0,0,Deir Qoubel,0,0
1,0,0,0,3000,1,0,Deir Siriane,0,0
0,0,0,0,0,0,0,Dekouaneh,0,0
0,0,1,0,0,0,0,Dellafeh,0,0
1,0,0,0,1975,1,0,Derdaghaiya,0,0
0,0,0,0,0,0,0,Dfoun,0,0
0,0,1,0,0,0,0,Dhayra,0,0
0,0,1,0,0,0,0,Dhour el hawa,0,0
1,0,0,0,1300,1,0,Dibbabiyeh,0,0
0,0,1,0,0,0,0,Dibbine,0,0
1,0,0,1,0,0,2,Dibbiyeh,1,2
1,0,0,0,0,0,1,Dik El-Mehdi,1,2
0,0,1,0,0,0,0,Dimane,0,0
0,0,0,0,0,0,0,Dlebta,0,0
0,0,1,0,0,0,0,Dmit,0,0
1,0,0,0,0,0,0,Douair Aadouiyeh,0,0
0,0,0,0,0,0,0,Douair En-Nabatiyeh,0,0
1,1,0,0,1600,2,0,Douma,0,0
1,1,0,2,9450,2,2,Douris,0,5
1,0,0,0,1250,1,0,Edde El-Batroun,0,1
1,2,0,0,0,0,0,Eddeh Jbeil,0,0
0,0,1,0,0,0,0,Eghbe,0,0
1,0,0,0,2250,2,0,Ehmej,0,1
1,1,0,0,5000,3,0,Ein el Dahab,0,4
1,0,0,0,9000,2,0,El Ain,0,4
0,0,1,0,0,0,0,El Ghabe,0,0
1,0,0,0,1425,2,0,El Kfeir,0,1
0,0,0,0,0,0,0,El Manara,0,0
0,0,1,0,0,0,0,El Marej,0,0
1,4,0,0,81,6,0,En-Nahriyyi,0,9
1,0,0,0,3500,2,0,Enfeh,0,0
0,0,0,0,0,0,0,Erkay,0,0
0,0,0,0,0,0,0,Falougha,0,0
1,0,0,2,0,0,2,Fanar,0,4
0,0,1,0,0,0,0,Faraya,0,0
1,0,0,0,950,1,0,Fard,0,0
1,3,0,0,110,10,0,Fardis Hasbaiya,0,7
1,0,0,0,0,0,0,Fatqa,0,1
0,0,1,0,0,0,0,Fatre,0,0
0,0,0,0,0,0,0,Faytroun,0,0
1,0,0,0,4500,4,0,Fekehe,0,5
0,0,1,0,0,0,0,Ferhet,0,0
0,0,1,0,0,0,0,Fghal,0,0
1,0,0,0,0,0,0,Fiaa,0,1
1,0,0,0,3700,1,0,Fikani,0,0
1,0,0,0,950,1,0,Fisan,0,0
1,1,0,0,8500,4,0,Fnaydek,0,4
0,0,1,0,0,0,0,Fouara,0,0
0,0,0,0,0,0,0,Fourzol,0,0
1,0,0,0,750,1,0,Fraides,0,0
0,0,1,0,0,0,0,Fraikeh,0,0
0,0,1,0,0,0,0,Fraudis Ech-Chouf,0,0
0,0,1,0,0,0,0,Froun,0,0
1,1,0,2,0,3,3,Furn Ech-Chebbak,1,5
0,0,1,0,0,0,0,Ghabat,0,0
1,0,0,0,2500,1,0,Ghaboune,0,0
1,0,0,0,378,1,0,Ghalboun,0,2
0,0,1,0,0,0,0,Ghandouriyet Bent Jbeil,0,0
0,0,1,0,0,0,0,Gharzouz,0,0
1,0,0,0,5000,1,0,Ghassaniyeh,0,0
0,0,1,0,0,0,0,Ghazayleh,0,0
0,0,0,0,0,0,0,Ghazir,0,0
1,0,0,0,17500,2,0,Ghaziyeh,0,3
1,0,0,0,3000,2,0,Ghazzeh,0,1
1,0,0,0,0,0,0,Ghbaet Bolonya,0,1
1,0,0,0,0,0,0,Ghbaleh Kesrouane,0,1
0,0,1,0,0,0,0,Ghbatiyeh,0,0
0,0,1,0,0,0,0,Ghidras,0,0
0,0,1,0,0,0,0,Ghineh,0,0
1,3,0,1,25000,8,3,Ghobairi,2,39
0,0,1,0,0,0,0,Ghoifine,0,0
1,0,0,0,4250,1,0,Ghosta,0,1
1,0,0,0,6500,2,0,Habbouch En-Nabatiyeh,0,3
0,0,0,0,0,0,0,Habil,0,0
0,0,0,0,0,0,0,Hadath Baalback,0,0
1,0,0,0,0,0,0,Hadath Ej-Jebbeh,0,1
1,1,0,1,59750,2,3,Hadath-Sbeineh,2,20
0,0,1,0,0,0,0,Hadchit,0,0
0,0,0,0,0,0,0,Haddatha,0,0
0,0,1,0,0,0,0,Hajjeh,0,0
0,0,1,0,0,0,0,Hakel,0,0
1,0,0,0,2500,1,0,Hakour,0,0
1,0,0,0,10000,1,0,Halate,0,0
1,4,0,1,4666,3,2,Halba,1,4
1,0,0,0,6500,1,0,Halbata,0,0
1,0,0,0,4000,1,0,Halloussiyeh,0,0
1,0,0,0,4700,1,0,Hamat,0,0
1,2,0,0,361,3,0,Hammana,0,3
1,1,0,0,3000,1,0,Hanaouay,0,1
0,0,0,0,0,0,0,Hanine,0,0
0,0,1,0,0,0,0,Haouch El Qinnabeh Rachaya,0,0
0,0,1,0,0,0,0,Haouch El-Harime,0,0
1,0,0,0,2500,1,0,Haouch En-Nabi,0,0
1,0,0,0,3500,2,0,Haouch Er-Rafqa,0,1
0,0,1,0,0,0,0,Haouch Hala,0,0
0,0,0,0,0,0,0,Haouch Snaid,0,0
1,0,0,0,2500,1,0,Haouch Tall Safiyeh,0,0
0,0,1,0,0,0,0,Haouche Barada,0,0
1,0,0,0,871,1,0,Haql el Aazimeh,0,0
1,0,0,0,10000,1,0,Harabta,0,0
0,0,1,0,0,0,0,Haret Es-Sit,0,0
0,0,1,0,0,0,0,Haret Fouar,0,0
1,4,0,0,33333,3,2,Haret Hreik,2,14
0,0,1,0,0,0,0,Haret Jandal,0,0
1,0,0,0,25000,2,0,Haret Saida,0,2
0,0,1,0,0,0,0,Harf,0,0
0,0,1,0,0,0,0,Harf Es-Sayad,0,0
0,0,0,0,0,0,0,Haris,0,0
1,0,0,0,16198,1,0,Harouf,0,3
1,1,0,0,3070,4,0,Hasbaiya,0,5
0,0,1,0,0,0,0,Hasbaiya El-Matn,0,0
0,0,1,0,0,0,0,Hasrayel,0,0
1,1,0,0,6600,1,0,Hasroun,0,2
0,0,0,0,0,0,0,Hasrout,0,0
1,1,0,0,2100,2,0,Hayshe,0,0
1,1,0,0,4000,2,0,Hayssa,0,1
1,0,0,0,1300,1,0,Haytla,0,0
0,0,1,0,0,0,0,Haytoura,0,0
1,0,0,0,3000,1,0,Hayzouq,0,1
0,0,0,0,0,0,0,Hazerta,0,0
0,0,0,0,0,0,0,Hazmiyah,0,0
0,0,1,0,0,0,0,Hazmiyet-Miniyeh,0,0
0,0,1,0,0,0,0,Hdeine,0,0
1,0,0,0,7305,1,0,Hebbariyeh,0,1
0,0,1,0,0,0,0,Hedd,0,0
1,0,0,0,650,1,0,Helouet Rachaya,0,0
0,0,0,0,0,0,0,Henniyeh,0,0
1,0,0,0,1000,1,0,Heri,0,0
1,5,0,0,3818,11,0,Hermel,0,9
0,0,1,0,0,0,0,Hidab,0,0
1,0,0,0,3500,1,0,Hilan,0,0
0,0,0,0,0,0,0,Himlaya,0,0
0,0,1,0,0,0,0,Hizzine,0,0
0,0,1,0,0,0,0,Hjoula,0,0
1,0,0,0,1200,1,0,Hlaliyeh ,0,0
0,0,0,0,0,0,0,Hlaliyeh Saida,0,0
1,0,0,0,1100,1,0,Hmaireh Aakkar,0,0
0,0,1,0,0,0,0,Hmairi Sour,0,0
1,0,0,0,2250,1,0,Hocheb,0,0
0,0,0,0,0,0,0,Homsiyeh,0,0
1,0,0,0,2500,2,0,Houaich,0,1
0,0,0,0,0,0,0,Houla,0,0
1,0,0,0,5200,1,0,Houmine El-Faouqa,0,0
1,0,0,0,5600,1,0,Houmine Et-Tahta,0,0
1,0,0,0,200,1,0,Howara,0,0
0,0,0,0,0,0,0,Hrajel,0,0
1,0,0,0,2750,2,0,Hrar,0,2
1,0,0,0,1780,1,0,Hsarat,0,0
0,0,1,0,0,0,0,Hsayn,0,0
1,0,0,0,0,1,0,Hsoun,0,0
1,0,0,0,0,0,0,Iaat,0,1
1,0,0,0,0,0,0,Ibl Es-Saqi,0,0
1,0,0,0,3000,1,0,Idbil,0,0
0,0,1,0,0,0,0,Ighmid,0,0
0,0,1,0,0,0,0,Ijbaa,0,0
0,0,1,0,0,0,0,Ijdaabrine,0,0
1,0,0,0,1300,1,0,Ilat,0,0
1,0,0,0,3375,2,0,Insariyeh,0,0
0,0,1,0,0,0,0,Izal,0,0
0,0,0,0,0,0,0,Jaaita,0,0
1,0,0,0,0,0,1,Jadra,1,1
0,0,0,0,0,0,0,Jahliyeh,0,0
1,0,0,0,0,0,0,Jaj,0,1
1,0,0,1,33700,1,2,Jall Ed-Dib,1,1
0,0,0,0,0,0,0,Janneh Mar Sarkis,0,0
1,0,0,0,200,1,0,Jarbata,0,4
1,0,0,0,4000,1,0,Jarjouaa,0,0
0,0,1,0,0,0,0,Jarmaq,0,0
1,0,0,0,400,1,0,Jbaa En-Nabatiyeh,0,0
1,1,0,0,1131,3,0,Jbaa En-Nabatiyeh-Ein-Boswar,0,0
1,0,0,0,2500,1,0,Jbal El-Botm,0,1
1,2,0,0,12000,4,0,Jbeil,0,4
0,0,1,0,0,0,0,Jbouleh,0,0
0,0,1,0,0,0,0,Jdaidet Ghazir,0,0
1,2,0,0,1250,2,0,Jdaidet Marjaayoun,0,3
1,1,0,0,8000,2,0,Jdeidet Ech-Chouf,0,1
0,0,1,0,0,0,0,Jdidet Ej-Joumeh,0,0
0,0,1,0,0,0,0,Jdita,0,0
1,0,0,0,0,0,0,Jebrayel,0,1
0,0,1,0,0,0,0,Jenjlaya,0,0
0,0,0,0,0,0,0,Jennata,0,0
0,0,1,0,0,0,0,Jensnaya,0,0
1,0,0,0,1800,1,0,Jenta,0,0
0,0,1,0,0,0,0,Jeoddayel Jbeil,0,0
1,0,0,0,2500,1,0,Jermanya,0,0
0,0,1,0,0,0,0,Jernaya,0,0
1,1,0,0,5000,3,0,Jezzine-Ain Majdelin,0,1
1,0,0,0,9000,2,0,Jibchit,0,4
0,0,1,0,0,0,0,Jiyeh,0,0
0,0,1,0,0,0,0,Jmailiyeh,0,0
0,0,1,0,0,0,0,Jouaiya,0,0
1,0,0,0,130,10,0,Jouar El-Haouz,0,5
1,1,0,0,4100,2,1,Joubb Jannine,1,3
0,0,0,0,0,0,0,Joun,0,0
0,0,0,0,0,0,0,Jounie ,0,0
1,1,0,0,18,5,0,Jouret Arsoun,0,9
0,0,0,0,0,0,0,Jouret Bedrane,0,0
0,0,0,0,0,0,0,Jouret E-Tourmos,0,0
1,0,0,0,0,0,0,Jouret El-Ballout,0,1
0,0,1,0,0,0,0,Kafr,0,0
0,0,0,0,0,0,0,Kafr Harra,0,0
0,0,0,0,0,0,0,Kafr Hatna,0,0
0,0,1,0,0,0,0,Kafr Jarrah,0,0
0,0,1,0,0,0,0,Kafr Saroun,0,0
1,0,0,0,1100,1,0,Kafr horra,0,0
1,0,0,0,1400,2,0,Kafra Bent Jbeil,0,1
1,0,0,0,1600,1,0,Kafraiya West Bekaa,0,0
1,0,0,0,2000,1,0,Kafraya El-Koura,0,0
0,0,0,0,0,0,0,Kafrkida,0,0
1,0,0,0,110,1,0,Kafrnoun,0,1
0,0,1,0,0,0,0,Kafrya,0,0
0,0,1,0,0,0,0,Kaftoun,0,0
1,0,0,0,665,1,0,Kahef Maloul,0,0
0,0,0,0,0,0,0,Kahhaleh,0,0
0,0,1,0,0,0,0,Kahlouniet Ech-Chouf,0,0
1,0,0,0,0,0,0,Kamed El-Laouz,0,4
1,0,0,0,500,2,0,Kaoukaba Bou Arab,0,0
0,0,0,0,0,0,0,Kaoukaba Hasbaiya,0,0
1,0,0,0,3000,1,0,Kaoutariyet Es-Siyad,0,1
0,0,0,0,0,0,0,Karkha,0,0
0,0,1,0,0,0,0,Karm El-Mohr,0,0
1,1,0,0,1200,1,0,Karm Saddeh,0,1
0,0,1,0,0,0,0,Karm Zebdine,0,0
1,1,0,0,10500,1,0,Ketermaya,0,2
0,0,1,0,0,0,0,Keyfoun,0,0
0,0,1,0,0,0,0,Kfar Aabida,0,0
0,0,1,0,0,0,0,Kfar Aamay,0,0
0,0,1,0,0,0,0,Kfar Aaqab,0,0
1,1,0,0,1333,3,1,Kfar Aaqqa,1,0
0,0,1,0,0,0,0,Kfar Baal,0,0
0,0,1,0,0,0,0,Kfar Beit,0,0
1,0,0,0,3185,1,0,Kfar Bibnine,0,0
0,0,1,0,0,0,0,Kfar Chellal,0,0
0,0,1,0,0,0,0,Kfar Chellane,0,0
1,0,0,0,8000,2,0,Kfar Chima,0,10
1,0,0,0,666,3,0,Kfar Chouba,0,0
0,0,1,0,0,0,0,Kfar Dane,0,0
1,0,0,0,2693,1,0,Kfar Denis,0,0
1,0,0,0,7000,2,0,Kfar Dibiane,0,1
1,1,0,0,8000,1,0,Kfar Dounine,0,0
0,0,1,0,0,0,0,Kfar Falous,0,0
1,0,0,0,3000,1,0,Kfar Faqoud,0,0
1,1,0,0,5000,1,0,Kfar Habou,0,0
0,0,0,0,0,0,0,Kfar Hamam,0,0
1,0,0,0,4000,2,0,Kfar Hatta Saida,0,0
0,0,1,0,0,0,0,Kfar Hay,0,0
1,0,0,0,2500,1,0,Kfar Hazir,0,0
0,0,0,0,0,0,0,Kfar Heam,0,0
1,0,0,0,1100,1,0,Kfar Hilda,0,0
0,0,1,0,0,0,0,Kfar Houneh,0,0
0,0,1,0,0,0,0,Kfar Jreif,0,0
1,0,0,0,5500,1,0,Kfar Kila,0,1
1,0,0,0,6000,1,0,Kfar Matta,0,0
0,0,1,0,0,0,0,Kfar Melki Saida,0,0
1,0,0,0,9500,1,0,Kfar Nabrakh,0,0
0,0,0,0,0,0,0,Kfar Niss,0,0
0,0,0,0,0,0,0,Kfar Qatra,0,0
1,0,0,0,4120,1,0,Kfar Qouq,0,0
1,0,0,0,3250,4,0,Kfar Roummane,0,1
1,0,0,0,5000,1,0,Kfar Selouane,0,0
1,1,0,0,15000,1,0,Kfar Sir,0,1
0,0,1,0,0,0,0,Kfar Tay El-Matn,0,0
0,0,0,0,0,0,0,Kfar Tibnit,0,0
0,0,1,0,0,0,0,Kfar michki,0,0
1,4,0,0,0,0,1,Kfardlaqous,0,0
1,0,0,0,3300,1,0,Kfarfila,0,2
0,0,1,0,0,0,0,Kfarfou,0,0
0,0,1,0,0,0,0,Kfarhata ,0,0
0,0,1,0,0,0,0,Kfarhata Zgharta,0,0
1,0,0,0,778,1,0,Kfarsghab,0,0
1,1,0,0,2425,2,0,Kfartoun,0,2
1,0,0,0,0,0,0,Kfaryachit,0,1
1,0,0,0,4250,2,0,Kfarzabad,0,0
1,0,0,0,0,1,0,Kfarzaina,0,1
0,0,1,0,0,0,0,Kfoun,0,0
0,0,1,0,0,0,0,Kfour El-Aarbi,0,0
1,0,0,0,3500,2,0,Kfour En-Nabatieh,0,1
1,0,0,0,0,1,0,Khalwat,0,0
0,0,1,0,0,0,0,Kharbe,0,0
0,0,1,0,0,0,0,Kharnoub,0,0
0,0,1,0,0,0,0,Khartoum,0,0
1,0,0,0,1500,1,0,Khat el Petrol,0,0
0,0,0,0,0,0,0,Khayayeb Saida,0,0
0,0,0,0,0,0,0,Khereibet Ech-Chouf,0,0
1,0,0,0,0,0,0,Khinchara,0,1
1,0,0,0,0,0,0,Khirbet Bisri,0,2
1,0,0,0,2700,1,0,Khirbet Char,0,0
1,2,0,0,500,4,0,Khirbet Daoud Aakkar,0,6
1,0,0,0,650,1,0,Khirbet Jord,0,0
1,1,0,0,0,0,0,Khirbet Qanafar,0,2
1,1,0,0,10000,1,0,Khirbet Rouha,0,1
0,0,0,0,0,0,0,Khirbet Selm,0,0
0,0,0,0,0,0,0,Khiyam Marjaayoun,0,0
1,0,0,0,6500,1,0,Khodr Baalbek,0,1
1,1,0,0,69,13,0,Khreibet Baabda,0,8
1,1,0,0,5500,1,1,Khreibet Ej-Jindi,1,1
0,0,1,0,0,0,0,Khzaiz,0,0
0,0,1,0,0,0,0,Kleyleh,0,0
1,0,0,0,4000,1,0,Kneisset Aakkar,0,0
1,0,0,1,400,2,2,Kneisset Ech-Chouf,1,6
0,0,0,0,0,0,0,Kneisset Sour,0,0
1,2,0,0,2000,2,0,Kouachra,0,4
0,0,1,0,0,0,0,Kouakh,0,0
1,0,0,0,4500,1,0,Koueikhat,0,0
1,0,0,0,8500,1,0,Kounine,0,0
0,0,1,0,0,0,0,Kour,0,0
1,0,0,0,4000,2,0,Kousba,0,0
1,0,0,0,1500,1,0,Kroum El-Aarab,0,0
0,0,0,0,0,0,0,Laboueh,0,0
1,2,0,2,3700,1,5,Lala,3,1
0,0,0,0,0,0,0,Laqlouq,0,0
0,0,1,0,0,0,0,Lassa,0,0
1,0,0,0,1000,2,0,Lebaa,0,0
0,0,1,0,0,0,0,Lehfed,0,0
0,0,0,0,0,0,0,Libbaya West Bekaa,0,0
0,0,1,0,0,0,0,Louayzet Jezzine,0,0
1,0,0,0,3535,1,0,Loubieh,0,0
1,1,0,0,0,0,0,Maad,0,1
0,0,1,0,0,0,0,Maarab,0,0
1,0,0,0,3600,1,0,Maaraboun,0,0
1,1,0,0,6000,2,0,Maarakeh,0,1
0,0,0,0,0,0,0,Maaroub,0,0
0,0,1,0,0,0,0,Maasrati,0,0
1,2,0,1,362,4,2,Maasser Beit Ed-Dine,1,3
0,0,1,0,0,0,0,Maasser Ech-Chouf,0,0
1,1,0,0,2300,1,0,Maaysra Kesrouane,0,2
0,0,1,0,0,0,0,Machghara,0,0
1,0,0,0,4000,2,0,Machha,0,3
0,0,1,0,0,0,0,Machmoucheh,0,0
1,1,0,0,13000,1,0,Machta Hammoud,0,2
1,0,0,0,2000,2,0,Machta Hassan,0,0
0,0,1,0,0,0,0,Maghdoucheh,0,0
0,0,1,0,0,0,0,Magher wbala,0,0
1,0,0,0,500,2,0,Mahrouna,0,2
0,0,1,0,0,0,0,Majdala,0,0
0,0,1,0,0,0,0,Majdaloun,0,0
0,0,1,0,0,0,0,Majdalouna,0,0
0,0,1,0,0,0,0,Majdel,0,0
1,1,0,0,0,2,0,Majdel Aanjar,0,3
0,0,1,0,0,0,0,Majdel Baana,0,0
1,1,0,0,950,1,0,Majdel Balhis,0,0
0,0,1,0,0,0,0,Majdel El-Aqoura,0,0
1,0,0,0,0,0,0,Majdel El-Meouch,0,1
1,0,0,0,5400,2,0,Majdel Selm,0,1
0,0,1,0,0,0,0,Majdel el-Koura,0,0
0,0,0,0,0,0,0,Majdel tarchich,0,0
0,0,1,0,0,0,0,Majdelyoun,0,0
0,0,1,0,0,0,0,Majdelzoun,0,0
0,0,1,0,0,0,0,Maknounet Jezzine,0,0
1,0,0,0,5000,1,0,Makseh,0,0
0,0,1,0,0,0,0,Malkiyah Village,0,0
1,0,0,0,4000,1,0,Mansoura,0,0
0,0,1,0,0,0,0,Mansoura ,0,0
0,0,0,0,0,0,0,Mansouri,0,0
0,0,1,0,0,0,0,Mansouriyet Bhamdoun,0,0
1,0,0,0,0,0,0,Maqneh,0,0
0,0,1,0,0,0,0,Mar Boutros Karm Et-Tine,0,0
0,0,1,0,0,0,0,Mar Chaaya,0,0
0,0,1,0,0,0,0,Mar Mama,0,0
0,0,1,0,0,0,0,Mar Moussa Ed-Douar,0,0
0,0,0,0,0,0,0,Marj Barja,0,0
1,0,0,0,1600,1,0,Marj Ez-Zouhour (Haouch El-Qinnaabeh),0,0
0,0,0,0,0,0,0,Marjaba,0,0
1,0,0,0,2700,1,0,Markaba,0,0
0,0,0,0,0,0,0,Maroun Er-Ras,0,0
1,0,0,0,40000,1,0,Massa,0,0
1,0,0,0,8000,1,0,Massaaoudiyeh,0,0
1,0,0,0,1300,1,0,Mayasseh,0,1
1,0,0,0,1500,1,0,Maydoun,0,0
1,0,0,0,4500,2,0,Mayfadoun,0,0
0,0,0,0,0,0,0,Mayfouq,0,0
0,0,1,0,0,0,0,Mayrouba,0,0
1,0,0,0,0,0,0,Mazareaa Jabal Akroum,0,1
0,0,1,0,0,0,0,Mazraat Assaf,0,0
1,0,0,0,4000,1,0,Mazraat Balda,0,0
0,0,1,0,0,0,0,Mazraat Bani Saab,0,0
1,0,0,0,2300,1,0,Mazraat Bani Sakher,0,1
1,0,0,0,2320,1,0,Mazraat Beit Ghattas,0,0
1,0,0,0,10000,1,0,Mazraat Ech-Chouf,0,0
1,3,0,0,0,0,0,Mazraat El-Hdaira,0,0
0,0,0,0,0,0,0,Mazraat El-Mathane,0,0
0,0,1,0,0,0,0,Mazraat Es-Dahr,0,0
1,1,0,0,2000,1,0,Mazraat Et-Teffah,0,1
1,0,0,0,133,3,0,Mazraat Ez-Zalloutiyeh,0,1
0,0,1,0,0,0,0,Mazraat Harkish,0,0
0,0,1,0,0,0,0,Mazraat Hokka,0,0
0,0,1,0,0,0,0,Mazraat Mechref,0,0
0,0,0,0,0,0,0,Mazraat Nahr Zgharta,0,0
0,0,1,0,0,0,0,Mazraat Swaidan,0,0
1,0,0,0,21000,1,0,Mazraat Yachouaa,0,1
0,0,1,0,0,0,0,Mazraat beit Mchaik,0,0
0,0,0,0,0,0,0,Mchaneh,0,0
1,0,0,0,3500,1,0,Mcherfeh,0,0
0,0,0,0,0,0,0,Mchikha,0,0
1,0,0,0,800,1,0,Mdoukha,0,0
0,0,1,0,0,0,0,Mechref,0,0
0,0,1,0,0,0,0,Mehmarch,0,0
1,1,0,0,2700,1,0,Meimes,0,1
1,1,0,0,15000,2,0,Meiss Ej-Jabal,0,1
1,0,0,0,3280,1,0,Mejdlaiya,0,1
1,2,0,0,27000,1,1,Mejdlaiya Zgharta,1,5
1,0,0,0,0,0,0,Menneaa,0,0
1,0,0,0,3500,1,0,Meri,0,0
0,0,1,0,0,0,0,Merkebta,0,0
0,0,1,0,0,0,0,Merouahine,0,0
1,0,0,0,1600,5,0,Merouaniyeh,0,2
0,0,1,0,0,0,0,Metrit,0,0
1,0,0,0,6000,1,0,Mghairiyeh Ech-Chouf,0,1
0,0,0,0,0,0,0,Mghayreh Jbeil,0,0
0,0,0,0,0,0,0,Mhaibib,0,0
1,0,0,0,0,0,0,Mhaiydseh Rachaya,0,1
1,0,0,0,7000,1,0,Mhammaret,0,0
0,0,1,0,0,0,0,Mharbiyeh,0,0
1,1,0,0,3333,3,0,Michmich Jbeil,0,2
0,0,1,0,0,0,0,Midane Jezzine,0,0
0,0,1,0,0,0,0,Mina ,0,0
1,2,0,0,6500,10,0,Minie,0,12
1,0,0,0,3833,3,0,Minyara,0,6
1,0,0,0,13000,1,0,Miriata,0,4
0,0,1,0,0,0,0,Miyeh ou Miyeh,0,0
1,0,0,0,7000,1,0,Miziara,0,1
1,0,0,0,500,1,0,Mjaydel Jezzine,0,0
0,0,1,0,0,0,0,Mlikh,0,0
0,0,0,0,0,0,0,Mohtaqra,0,0
1,0,0,0,2000,3,0,Moqaylbeh,0,0
0,0,1,0,0,0,0,Moqraq,0,0
0,0,1,0,0,0,0,Moshrea,0,0
0,0,1,0,0,0,0,Motel,0,0
1,0,0,0,1500,1,0,Mouanse,0,0
1,0,0,0,1150,1,0,Moukhtara,0,0
1,1,0,0,0,0,0,Mounjez,0,1
0,0,0,0,0,0,0,Mounsef,0,0
1,0,0,0,6400,1,0,Mqaiteaa,0,1
0,0,1,0,0,0,0,Mrah El-Hbasse,0,0
0,0,1,0,0,0,0,Mrah Es-Sfire,0,0
1,1,0,0,1500,2,0,Mrah Es-Srayj,0,0
0,0,1,0,0,0,0,Mrah Ez Ziyat,0,0
0,0,1,0,0,0,0,Mrah Kwakh,0,0
0,0,1,0,0,0,0,Mraijat,0,0
1,0,0,0,0,0,0,Mrayjat Zahleh,0,1
0,0,1,0,0,0,0,Mristi,0,0
1,0,0,0,0,0,0,Mrouj,0,2
0,0,1,0,0,0,0,Mtayleb,0,0
0,0,1,0,0,0,0,Mtolleh,0,0
0,0,1,0,0,0,0,Mzraat Kefraya,0,0
1,7,0,2,5714,14,5,Nabatiyeh,3,18
0,0,1,0,0,0,0,Nabatiyeh El-Faouka,0,0
0,0,0,0,0,0,0,Nabay,0,0
1,0,0,0,7000,1,0,Nabha Ed-Damdoum,0,0
0,0,1,0,0,0,0,Nabha Mehfara,0,0
0,0,1,0,0,0,0,Nabha Qoudam,0,0
1,0,0,0,0,0,1,Nabi Ayla,1,0
1,1,0,0,6750,2,0,Nabi Chit,0,2
0,0,1,0,0,0,0,Nabi Osmane,0,0
1,0,0,0,0,1,0,Nahleh Baalbek,0,0
1,0,0,0,13250,2,0,Nahmeh,0,2
1,0,0,0,0,0,1,Nahr Ibrahim,1,0
1,0,0,0,4780,1,0,Najjariyeh,0,0
1,0,0,0,0,0,0,Nakhleh,0,2
1,0,0,0,1000,1,0,Naoura El-Faouqa,0,0
1,1,0,0,1200,1,0,Nasriyet Zahleh,0,0
0,0,1,0,0,0,0,Nfisseh,0,0
1,0,0,0,1225,2,0,Niha El-Chouf,0,0
1,0,0,0,1100,1,0,Niha Zahleh,0,0
1,0,0,0,4000,1,0,Nimrine,0,0
1,0,0,0,5686,1,0,Nmairiyeh,0,0
1,0,0,0,650,2,0,Ouada,0,1
0,0,1,0,0,0,0,Ouadi Baanqoudaine,0,0
0,0,1,0,0,0,0,Ouadi Banhlay,0,0
1,0,0,0,0,0,0,Ouadi Chahine,0,2
1,0,0,0,3500,1,0,Ouadi Chahrour El Aaoulia,0,0
1,0,0,0,0,0,0,Ouadi Chahrour Es-Soufla,0,1
0,0,1,0,0,0,0,Ouadi Ed-Deir,0,0
1,0,0,0,770,1,0,Ouadi El-Haour,0,0
0,0,1,0,0,0,0,Ouadi El-Karm El-Matn,0,0
0,0,1,0,0,0,0,Ouadi El-Laymoun,0,0
0,0,1,0,0,0,0,Ouadi Es-Sitt,0,0
0,0,1,0,0,0,0,Ouadi Faara,0,0
1,0,0,0,2611,9,0,Ouadi Khaled,0,0
1,0,0,0,11251,1,0,Ouadi Nakhleh,0,0
0,0,1,0,0,0,0,Ouadi Qannoubine,0,0
1,0,0,0,4950,1,1,Ouardaniyeh,1,2
0,0,1,0,0,0,0,Ouarhaniyeh,0,0
0,0,0,0,0,0,0,Ouata El-Jaouz,0,0
1,1,0,0,4333,3,0,Qaa Baalbek,0,1
1,0,0,0,4800,1,0,Qaa Er-Rim,0,0
1,0,0,0,12000,1,0,Qaaqaaiyet Ej-Jisr,0,1
0,0,1,0,0,0,0,Qaaqaiyet Es-Snaoubar,0,0
0,0,0,0,0,0,0,Qaaqour,0,0
1,0,0,0,4000,2,0,Qabaait,0,2
1,2,0,0,12500,4,0,Qabb Elias,0,5
0,0,0,0,0,0,0,Qabrikha,0,0
1,0,0,0,1000,1,0,Qachlaq,0,0
0,0,1,0,0,0,0,Qahmez,0,0
0,0,1,0,0,0,0,Qalaa,0,0
1,1,0,0,3750,4,0,Qalamoun,0,2
0,0,1,0,0,0,0,Qalaouiyeh,0,0
0,0,1,0,0,0,0,Qalhat,0,0
0,0,1,0,0,0,0,Qannebet Salima,0,0
1,1,0,0,0,0,0,Qantara,0,0
0,0,1,0,0,0,0,Qantarat Aakkar,0,0
1,0,0,0,2100,1,0,Qanya,0,2
1,2,0,1,66,3,2,Qaouzah,1,4
1,0,0,0,4825,2,0,Qaraaoun,0,2
0,0,1,0,0,0,0,Qarah Bach,0,0
0,0,0,0,0,0,0,Qardaf,0,0
1,0,0,0,1200,1,0,Qarha,0,0
0,0,0,0,0,0,0,Qarha Baalbek,0,0
0,0,1,0,0,0,0,Qarhaiya,0,0
1,0,0,0,2310,3,0,Qarsaita,0,0
1,0,0,0,13000,1,0,Qartaba,0,1
1,1,0,0,4666,3,0,Qaser,0,1
0,0,1,0,0,0,0,Qatrani,0,0
1,0,0,0,950,1,0,Qattineh-Miniyeh,0,0
0,0,1,0,0,0,0,Qaynour,0,0
0,0,1,0,0,0,0,Qaytouleh,0,0
1,2,0,0,1000,5,0,Qbaiyat Aakkar,0,2
1,0,0,0,2500,1,0,Qelaya,0,0
0,0,1,0,0,0,0,Qennabet Broummana,0,0
1,0,0,0,12000,1,0,Qennarit,0,0
0,0,1,0,0,0,0,Qild Es Sabea,0,0
1,0,0,0,6550,1,0,Qlaiaa,0,2
0,0,0,0,0,0,0,Qlaileh Harfoush,0,0
1,0,0,0,4250,2,0,Qlaileh Sour,0,2
1,0,0,0,8000,1,0,Qleiaat Aakkar,0,0
1,0,0,0,0,0,0,Qleiaat Kesrouane,0,1
1,0,0,0,0,0,0,Qloud El-Baqieh,0,1
1,0,0,0,2000,1,0,Qmatiyeh,0,0
0,0,1,0,0,0,0,Qnat,0,0
1,0,0,0,2055,1,0,Qobbayaa,0,3
1,0,0,0,3500,2,0,Qornayel,0,1
1,0,0,0,2500,2,0,Qornet Aakkar,0,1
1,0,0,0,0,0,0,Qornet El-Hamra,0,1
1,0,0,0,0,0,0,Qortada,0,0
0,0,1,0,0,0,0,Qoubber Chamra,0,0
0,0,1,0,0,0,0,Qounaitra,0,0
0,0,1,0,0,0,0,Qoussaya,0,0
0,0,1,0,0,0,0,Qraine,0,0
1,0,0,0,0,0,0,Qraiyat,0,1
1,0,0,0,1300,1,0,Qraiyeh,0,0
0,0,1,0,0,0,0,Qraiyet Jlayse,0,0
1,0,0,0,5330,1,0,Qraiyet Saida,0,1
0,0,1,0,0,0,0,Qsaibet En-Nabatiyeh,0,0
1,0,0,0,0,0,0,Qsarnaba,0,2
1,0,0,0,0,0,0,Raachine,0,1
0,0,1,0,0,0,0,Raait,0,0
0,0,1,0,0,0,0,Rabb Et-Tlatine,0,0
1,0,0,0,0,0,0,Rabieh,0,1
1,0,0,0,2250,2,0,Rachaaine,0,0
0,0,1,0,0,0,0,Rachaf,0,0
0,0,1,0,0,0,0,Rachaiya El-Foukhar,0,0
1,2,0,2,4150,2,2,Rachaya El Wadi,0,2
1,0,0,0,2000,3,0,Rafid Rachaya,0,1
1,0,0,0,3766,3,0,Rahbeh,0,1
0,0,1,0,0,0,0,Ram,0,0
0,0,0,0,0,0,0,Ramlieh,0,0
1,0,0,0,950,1,0,Ramyet Bent Jbeil,0,0
0,0,1,0,0,0,0,Ras Baalbek Ech-Charqi,0,0
0,0,0,0,0,0,0,Ras El Matn,0,0
0,0,1,0,0,0,0,Ras El-Href,0,0
0,0,1,0,0,0,0,Ras Kifa,0,0
1,4,0,1,8500,2,4,Ras Masqa,3,5
0,0,1,0,0,0,0,Rasha,0,0
0,0,1,0,0,0,0,Rashana,0,0
0,0,1,0,0,0,0,Rawda Bekaa,0,0
0,0,1,0,0,0,0,Rawda Village,0,0
1,1,0,0,1800,2,0,Rayfoun,0,3
0,0,1,0,0,0,0,Rechdibbine,0,0
1,0,0,0,500,1,0,Richmaiya,0,1
0,0,0,0,0,0,0,Rihan Jezzine,0,0
0,0,1,0,0,0,0,Rihana,0,0
1,0,0,0,1800,1,0,Rihaniyet Aakkar,0,0
0,0,1,0,0,0,0,Rihaniyet Minie,0,0
0,0,1,0,0,0,0,Rijmeh,0,0
0,0,1,0,0,0,0,Rimat,0,0
0,0,1,0,0,0,0,Rimhala,0,0
0,0,1,0,0,0,0,Rmadiyeh,0,0
0,0,0,0,0,0,0,Rmaich,0,0
1,0,0,0,2650,1,0,Rmeilet Ech-Chouf,0,2
0,0,1,0,0,0,0,Rouayssrt El-Ballout,0,0
1,0,0,0,750,1,0,Roum,0,0
0,0,1,0,0,0,0,Roumieh,0,0
1,1,0,0,833,3,0,Roumine,0,0
0,0,1,0,0,0,0,Saadine,0,0
1,0,0,0,6166,3,0,Saadnayel,0,2
0,0,0,0,0,0,0,Saaideh,0,0
0,0,1,0,0,0,0,Sabbah,0,0
1,0,0,0,0,1,0,Sadiqine,0,1
0,0,0,0,0,0,0,Safad Al-Battikh,0,0
1,0,0,0,9100,1,0,Safra Kesrouane,0,0
1,0,0,0,7700,1,0,Saghbine,0,2
0,0,1,0,0,0,0,Sahle,0,0
1,2,0,2,3472,36,3,Saida,2,41
1,0,0,0,4500,2,0,Saksakiyeh,0,1
0,0,1,0,0,0,0,Salhiyet Saida,0,0
1,0,0,0,5600,1,0,Salima Baabda,0,1
1,0,0,0,1242,1,0,Sammaqiyeh,0,0
0,0,0,0,0,0,0,Sanaya,0,0
0,0,1,0,0,0,0,Saouanet Marjayoun,0,0
0,0,0,0,0,0,0,Saoufar,0,0
0,0,0,0,0,0,0,Sarafand,0,0
0,0,1,0,0,0,0,Sarba En-Nabatieh,0,0
0,0,1,0,0,0,0,Sariita,0,0
1,0,0,0,15000,1,0,Sarin Fawqa,0,3
0,0,0,0,0,0,0,Sayssouq,0,0
1,0,0,0,750,2,0,Sebaal Zgharta,0,0
1,0,0,0,1150,2,0,Sehjoud,0,0
1,0,0,0,4500,1,0,Selaa,0,1
0,0,1,0,0,0,0,Selaata,0,0
0,0,1,0,0,0,0,Selfaya,0,0
0,0,0,0,0,0,0,Semqaniyeh,0,0
0,0,1,0,0,0,0,Seraal,0,0
0,0,1,0,0,0,0,Serraaine Et-Tahta,0,0
0,0,1,0,0,0,0,Sfaray,0,0
1,0,0,0,5000,1,0,Sfaynet El-Qaitaa,0,0
1,0,0,0,0,0,0,Sfinet Ed-Draib,0,2
1,1,0,0,4333,3,0,Sfireh,0,1
1,0,0,0,6800,1,0,Shawagheer El-Faouqa,0,1
1,0,0,0,0,0,0,Shayleh Kesrouane,0,1
1,0,0,0,9000,1,0,Sibline,0,1
1,3,0,0,214,21,0,Sindianet Zeidane,0,11
0,0,0,0,0,0,0,Sini,0,0
1,3,0,1,45000,2,3,Sinn El-Fil,2,7
0,0,0,0,0,0,0,Sir Ed-Danniyeh,0,0
1,1,0,0,10000,1,0,Sir El-Gharbiyeh,0,0
0,0,1,0,0,0,0,Sirhmoul,0,0
0,0,0,0,0,0,0,Sirjbal,0,0
1,1,0,0,4000,2,0,Sohmor,0,1
1,0,0,0,2000,2,0,Soltan Yacoub el Aradi,0,0
1,0,0,0,3750,2,0,Souairi,0,2
1,0,0,0,2400,1,0,Souaisset Aakkar,0,0
1,0,0,0,0,1,0,Soufaileh,0,0
1,0,0,0,0,0,0,Soultaniyet Bent Jbeil,0,2
0,0,0,0,0,0,0,Souq El-Gharb,0,0
0,0,0,0,0,0,0,Sour,0,0
0,0,1,0,0,0,0,Srar,0,0
0,0,1,0,0,0,0,Srayri,0,0
0,0,1,0,0,0,0,Srifa,0,0
0,0,0,0,0,0,0,Srobbine,0,0
0,0,1,0,0,0,0,Taaid,0,0
0,0,1,0,0,0,0,Taalbaya,0,0
1,0,0,0,100,1,0,Taazaniyeh,0,0
0,0,0,0,0,0,0,Tabarja,0,0
0,0,0,0,0,0,0,Tahouitat El Ghadir,0,0
0,0,1,0,0,0,0,Taibet Baalbek,0,0
1,0,0,0,5000,1,0,Tal Aabbas,0,0
0,0,1,0,0,0,0,Talia,0,0
1,0,0,0,0,0,0,Tall Aabbas Ech-Charqi,0,1
1,0,0,0,4000,1,0,Tall Bireh,0,0
1,0,0,0,1000,1,0,Tall Hmayra,0,1
1,0,0,0,8000,1,0,Tall Meaayan Tall Kiri,0,0
0,0,1,0,0,0,0,Tall Znoub,0,0
0,0,1,0,0,0,0,Tallet Chattaha,0,0
0,0,1,0,0,0,0,Talloussa,0,0
0,0,1,0,0,0,0,Tanbourit,0,0
1,2,0,2,60,15,3,Tannoura,1,7
1,0,0,0,8000,2,0,Tannourine El-Faouqa,0,1
1,0,0,0,6000,2,0,Taraiya,0,0
0,0,1,0,0,0,0,Tarchich,0,0
1,0,0,0,3155,1,0,Tartij,0,0
0,0,1,0,0,0,0,Tawfiqiya,0,0
0,0,0,0,0,0,0,Taybet Matjaayoun,0,0
0,0,1,0,0,0,0,Tayr Debbeh,0,0
1,0,0,0,0,1,0,Tayr Falsay,0,0
0,0,0,0,0,0,0,Tayr Harfa,0,0
1,0,0,0,6800,1,0,Teffahta,0,0
0,0,1,0,0,0,0,Temnine El-Faouqa,0,0
1,0,0,0,11000,1,0,Temnine Et-Tahta,0,0
1,0,0,0,3800,1,0,Terbol Zahleh,0,1
0,0,1,0,0,0,0,Thoum,0,0
1,2,0,0,7500,2,0,Tibnine,0,4
1,1,0,0,20000,1,0,Tikrit,0,3
0,0,0,0,0,0,0,Tiri,0,0
1,0,0,0,1280,1,0,Tleil,0,0
1,0,0,0,650,1,0,Torbol Menie,0,0
0,0,1,0,0,0,0,Toula,0,0
0,0,1,0,0,0,0,Toula El-Batroun,0,0
0,0,1,0,0,0,0,Touline,0,0
1,0,0,0,4000,2,0,Toura,0,0
1,56,0,1,3932,89,9,Trablous ,8,63
1,0,0,0,5400,1,0,Tshea,0,3
1,1,0,0,8250,1,1,Vidar,1,0
0,0,1,0,0,0,0,Wadi Jezzine,0,0
0,0,1,0,0,0,0,Yammouneh,0,0
1,0,0,0,2000,1,0,Yanouh Sour,0,1
1,0,0,0,4000,1,0,Yanta,0,0
1,0,0,0,900,1,0,Yaroun,0,0
1,0,0,0,3050,4,0,Yater,0,4
1,0,0,0,3500,1,0,Yohmor En-Nabatiyeh,0,0
0,0,1,0,0,0,0,Yohmor West Bekaa,0,0
0,0,0,0,0,0,0,Younine,0,0
0,0,1,0,0,0,0,Zaaitreh,0,0
1,0,0,0,1700,2,0,Zaarouriyeh,0,0
1,0,0,0,3000,1,0,Zabboud,0,0
0,0,1,0,0,0,0,Zabbougha,0,0
0,0,1,0,0,0,0,Zaghartaghrine,0,0
1,3,0,5,13846,13,10,Zahleh El-Maallaqa,5,14
0,0,0,0,0,0,0,Zahra,0,0
0,0,1,0,0,0,0,Zaitoun,0,0
0,0,1,0,0,0,0,Zakrit,0,0
0,0,1,0,0,0,0,Zakroun,0,0
1,0,0,0,27000,1,0,Zalqa,0,4
0,0,1,0,0,0,0,Zandouqa,0,0
0,0,0,0,0,0,0,Zaneh,0,0
0,0,1,0,0,0,0,Zaoutar Ech-Charqiyeh,0,0
0,0,1,0,0,0,0,Zaoutar El-Gharbiyeh,0,0
0,0,0,0,0,0,0,Zaraaoun,0,0
0,0,1,0,0,0,0,Zebdine,0,0
0,0,0,0,0,0,0,Zebqine,0,0
1,0,0,0,5000,1,0,Zefta,0,1
0,0,1,0,0,0,0,Zeita,0,0
1,2,0,0,4375,8,1,Zgharta-Ehden,1,1
0,0,1,0,0,0,0,Zhilta,0,0
0,0,1,0,0,0,0,Zibdine En-Nabatiyeh,0,0
0,0,0,0,0,0,0,Zighrine,0,0
0,0,1,0,0,0,0,Zilaya,0,0
1,0,0,0,0,0,0,Zouarib,0,1
1,3,0,0,54000,1,0,Zouk El-Kharab,0,3
1,1,0,0,45000,1,1,Zouk Mkayel,1,3
1,0,0,0,82000,1,1,Zouk Mousbeh,1,2
1,0,0,0,5300,1,0,Zouq El Hosniyeh,0,0
1,0,0,0,137,4,0,Zouq El-Hadara,0,0
1,0,0,0,1048,1,0,Zouq El-Hbalsa,0,0
1,1,0,0,7000,2,0,Zrariyeh,0,2
0,0,1,0,0,0,0,Zrazeer,0,0
0,0,1,0,0,0,0,aain Aalaq,0,0
1,1,0,0,4400,5,0,berqayel,0,2
0,0,1,0,0,0,0,ebra wChouane,0,0
0,0,1,0,0,0,0,hadtoun,0,0
1,0,0,0,3300,1,0,jouar Hasheesh,0,0
0,0,1,0,0,0,0,mazboud,0,0
1,0,0,0,3000,1,0,shebaneye,0,0
1,0,0,0,2000,2,0,tarane,0,0
0,0,0,0,0,0,0,yahchouch,0,0
